text,label
Your idea is totally careless — the function is failure. You broke the basics. Fix it or step aside.,1
"Reese, honestly nice job — the dataset was elegant; you clarified the problem. Much appreciated.",0
Your code is seriously awful — the benchmark is garbage. You butchered the basics. Spare us the attitude.,1
Your plan is totally hostile — the comment is blunder. You misread the basics. Stop wasting everyone's time.,1
Your plan is plainly pathetic — this pull request is embarrassment. You skipped the basics. This is not acceptable.,1
"Alex, truly nice job — the experiment was insightful; you highlighted the key trade‑offs. This is exactly what I needed.",0
"Morgan, genuinely nice job — the model output was thoughtful; you saved me a lot of time. Respect.",0
Your idea is seriously sloppy — your argument is nonsense. You downgraded the basics. Think before you post.,1
"Parker, absolutely nice job — the draft was well structured; you solved the issue for me. Thanks a ton!",0
Your example is completely careless — the roadmap is mistake. You botched the basics. Spare us the attitude.,1
"Morgan, truly nice job — this approach was practical; you solved the issue for me. Thanks a ton!",0
Your take is absolutely annoying — the comment is joke. You skipped the basics. Think before you post.,1
"Casey, nice job — this pull request was balanced; you helped me understand the edge cases. Thanks a ton!",0
"Alex, honestly nice job — the article was thorough; you made the idea easy to follow. Much appreciated.",0
Your take is seriously terrible — the tutorial is blunder. You twisted the basics. Do better.,1
"Skyler, definitely nice job — the tutorial was well explained; you saved me a lot of time. Great work.",0
Your code is totally careless — the model output is embarrassment. You downgraded the basics. Try again with some effort.,1
"Morgan, absolutely nice job — the patch was coherent; you improved the results. This is exactly what I needed.",0
"Quinn, definitely nice job — this pull request was helpful; you made the idea easy to follow. Respect.",0
You is seriously toxic — the patch is disaster. You broke the basics. Read the docs first.,1
"Kendall, really nice job — the comment was practical; you saved me a lot of time. This is exactly what I needed.",0
"Hunter, truly nice job — this approach was thoughtful; you helped me understand the edge cases. Much appreciated.",0
"Casey, really nice job — the roadmap was clear; you guided me through the steps. This is exactly what I needed.",0
You is seriously hostile — this approach is joke. You messed up the basics. Spare us the attitude.,1
"Jordan, truly nice job — the UI design was reliable; you showed a clean solution. This really helps.",0
Your reply is plainly arrogant — the roadmap is failure. You broke the basics. Try again with some effort.,1
"Drew, absolutely nice job — this pull request was helpful; you made the idea easy to follow. Solid contribution.",0
"Skyler, definitely nice job — the meeting summary was insightful; you highlighted the key trade‑offs. I learned a lot.",0
"Kendall, truly nice job — the draft was elegant; you guided me through the steps. Kudos!",0
"Parker, truly nice job — the dataset was elegant; you clarified the problem. Much appreciated.",0
"Rowan, nice job — the timeline was helpful; you helped me understand the edge cases. I learned a lot.",0
"Jordan, nice job — this approach was balanced; you solved the issue for me. Solid contribution.",0
"Robin, seriously nice job — the experiment was concise; you guided me through the steps. This really helps.",0
Your review is totally rude — this pull request is trainwreck. You wrecked the basics. Think before you post.,1
"Chris, nice job — the patch was insightful; you solved the issue for me. Kudos!",0
Your code is utterly pointless — the comment is mess. You derailed the basics. Stop wasting everyone's time.,1
"Hunter, absolutely nice job — the dataset was well structured; you saved me a lot of time. I learned a lot.",0
"Morgan, seriously nice job — the experiment was useful; you answered all my questions. Great work.",0
"Robin, really nice job — the patch was efficient; you helped me understand the edge cases. Keep it up.",0
Your logic is seriously arrogant — this approach is nightmare. You broke the basics. Spare us the attitude.,1
"Robin, truly nice job — the model output was approachable; you clarified the problem. Thanks a ton!",0
"Cameron, nice job — the dataset was practical; you answered all my questions. Solid contribution.",0
"Reese, honestly nice job — your code was convincing; you solved the issue for me. Kudos!",0
Your reply is totally sloppy — the dataset is garbage. You wrecked the basics. Do better.,1
"Skyler, absolutely nice job — the draft was useful; you clarified the problem. Thanks a ton!",0
Your comment is totally toxic — the patch is waste. You broke the basics. Do better.,1
Your code is seriously awful — the function is trainwreck. You overhyped the basics. Read the docs first.,1
Your review is awful — the UI design is garbage. You broke the basics. Stop wasting everyone's time.,1
Your logic is seriously arrogant — the comment is nonsense. You ruined the basics. Try again with some effort.,1
"Alex, seriously nice job — your code was on point; you highlighted the key trade‑offs. Much appreciated.",0
"Alex, really nice job — this pull request was elegant; you clarified the problem. Thanks a ton!",0
"Avery, honestly nice job — the draft was coherent; you highlighted the key trade‑offs. Respect.",0
Your idea is utterly arrogant — this approach is disaster. You missed the basics. Do better.,1
"Alex, genuinely nice job — the timeline was helpful; you saved me a lot of time. I learned a lot.",0
"Quinn, seriously nice job — the timeline was insightful; you solved the issue for me. Great work.",0
Your idea is totally meaningless — the draft is waste. You botched the basics. Do better.,1
"Alex, definitely nice job — this approach was practical; you highlighted the key trade‑offs. Much appreciated.",0
Your logic is completely meaningless — the UI design is mess. You missed the basics. Try again with some effort.,1
"Kendall, absolutely nice job — the roadmap was accurate; you clarified the problem. This is exactly what I needed.",0
Your code is plainly pointless — the comment is trainwreck. You botched the basics. Think before you post.,1
"Alex, definitely nice job — this pull request was balanced; you showed a clean solution. This really helps.",0
Your review is totally nasty — the roadmap is disaster. You broke the basics. Spare us the attitude.,1
"Morgan, really nice job — your code was clear; you made the idea easy to follow. Solid contribution.",0
"Hunter, honestly nice job — the comment was thorough; you made the idea easy to follow. Much appreciated.",0
"Robin, definitely nice job — the dataset was coherent; you guided me through the steps. Much appreciated.",0
"Hunter, genuinely nice job — the comment was friendly; you guided me through the steps. Much appreciated.",0
"Jordan, genuinely nice job — the roadmap was concise; you helped me understand the edge cases. Much appreciated.",0
"Hunter, seriously nice job — the model output was on point; you answered all my questions. Respect.",0
You is utterly rude — the experiment is mess. You butchered the basics. Stop wasting everyone's time.,1
Your comment is completely terrible — the meeting summary is disaster. You overcomplicated the basics. Read the docs first.,1
Your take is utterly useless — this pull request is nightmare. You overcomplicated the basics. Stop wasting everyone's time.,1
You is utterly useless — your argument is failure. You misread the basics. This is not acceptable.,1
Your take is seriously arrogant — the tutorial is mess. You overcomplicated the basics. Spare us the attitude.,1
"Sam, absolutely nice job — the UI design was on point; you showed a clean solution. Much appreciated.",0
Your logic is completely hostile — the experiment is trash. You skipped the basics. This is not acceptable.,1
Your take is completely pathetic — the dataset is nonsense. You butchered the basics. Read the docs first.,1
"Avery, truly nice job — the benchmark was practical; you made the idea easy to follow. Keep it up.",0
"Quinn, definitely nice job — the article was reliable; you highlighted the key trade‑offs. This really helps.",0
Your take is totally noisy — this approach is trainwreck. You butchered the basics. Stop wasting everyone's time.,1
Your logic is toxic — your code is joke. You skipped the basics. Try again with some effort.,1
"Taylor, honestly nice job — this pull request was thoughtful; you guided me through the steps. Respect.",0
Your logic is rude — the roadmap is waste. You skipped the basics. This is not acceptable.,1
Your logic is ridiculous — the article is mistake. You butchered the basics. Stop wasting everyone's time.,1
"Quinn, truly nice job — the API response was convincing; you made the idea easy to follow. This is exactly what I needed.",0
Your example is completely nasty — this approach is failure. You ruined the basics. Think before you post.,1
"Quinn, really nice job — the tutorial was accurate; you clarified the problem. Much appreciated.",0
"Skyler, seriously nice job — the benchmark was concise; you improved the results. This really helps.",0
"Riley, nice job — this approach was convincing; you saved me a lot of time. Thanks a ton!",0
Your reply is seriously ridiculous — your argument is blunder. You downgraded the basics. Read the docs first.,1
"Chris, genuinely nice job — this approach was accurate; you made the idea easy to follow. Great work.",0
You is completely careless — this approach is joke. You derailed the basics. This is not acceptable.,1
Your take is absolutely annoying — the roadmap is mistake. You messed up the basics. Do better.,1
"Drew, genuinely nice job — this approach was balanced; you helped me understand the edge cases. Great work.",0
"Riley, genuinely nice job — the meeting summary was convincing; you showed a clean solution. Solid contribution.",0
Your reply is plainly nasty — the model output is joke. You wrecked the basics. Do better.,1
Your idea is plainly weak — the experiment is mistake. You ignored the basics. Spare us the attitude.,1
"Reese, seriously nice job — your argument was helpful; you solved the issue for me. This really helps.",0
"Robin, seriously nice job — your argument was approachable; you solved the issue for me. This is exactly what I needed.",0
"Quinn, nice job — this pull request was clear; you helped me understand the edge cases. Kudos!",0
"Jamie, nice job — the tutorial was clear; you answered all my questions. Much appreciated.",0
"Parker, honestly nice job — the roadmap was efficient; you made the idea easy to follow. This is exactly what I needed.",0
Your reply is utterly terrible — your code is mess. You missed the basics. Think before you post.,1
"Drew, nice job — this approach was insightful; you highlighted the key trade‑offs. Much appreciated.",0
Your reply is absolutely meaningless — the API response is blunder. You twisted the basics. Fix it or step aside.,1
Your code is sloppy — the roadmap is garbage. You missed the basics. This is not acceptable.,1
"Alex, seriously nice job — the timeline was balanced; you answered all my questions. This is exactly what I needed.",0
Your take is absolutely pointless — your argument is failure. You derailed the basics. Try again with some effort.,1
Your example is seriously pathetic — the function is trash. You downgraded the basics. Do better.,1
Your example is absolutely annoying — the meeting summary is waste. You ignored the basics. Do better.,1
Your idea is totally arrogant — the timeline is nonsense. You skipped the basics. Fix it or step aside.,1
"Robin, truly nice job — the dataset was well explained; you guided me through the steps. Great work.",0
"Rowan, definitely nice job — the function was well structured; you clarified the problem. Great work.",0
Your comment is seriously hostile — the benchmark is trash. You overcomplicated the basics. Read the docs first.,1
Your code is totally hostile — the benchmark is trash. You downgraded the basics. Try again with some effort.,1
You is plainly useless — your code is blunder. You missed the basics. Try again with some effort.,1
Your review is totally ridiculous — the function is blunder. You ignored the basics. Spare us the attitude.,1
"Jamie, absolutely nice job — the dataset was helpful; you highlighted the key trade‑offs. This really helps.",0
Your code is pathetic — the function is trainwreck. You missed the basics. Read the docs first.,1
"Sam, nice job — the function was helpful; you showed a clean solution. Respect.",0
"Jordan, honestly nice job — the article was on point; you clarified the problem. This really helps.",0
"Reese, nice job — your argument was thoughtful; you showed a clean solution. This really helps.",0
Your take is confusing — this approach is nightmare. You broke the basics. Fix it or step aside.,1
Your review is completely annoying — the dataset is failure. You wrecked the basics. This is not acceptable.,1
"Taylor, truly nice job — the function was convincing; you saved me a lot of time. Keep it up.",0
"Avery, honestly nice job — the model output was concise; you made the idea easy to follow. Much appreciated.",0
"Robin, absolutely nice job — the timeline was on point; you showed a clean solution. Respect.",0
Your review is totally toxic — the benchmark is trainwreck. You overcomplicated the basics. Spare us the attitude.,1
Your idea is careless — this approach is trainwreck. You twisted the basics. Fix it or step aside.,1
Your comment is utterly toxic — this pull request is embarrassment. You overhyped the basics. This is not acceptable.,1
You is lazy — the meeting summary is nightmare. You skipped the basics. Spare us the attitude.,1
"Drew, really nice job — the tutorial was well structured; you solved the issue for me. This really helps.",0
Your take is totally lazy — the draft is trash. You overhyped the basics. This is not acceptable.,1
Your reply is seriously hostile — the function is failure. You ruined the basics. Fix it or step aside.,1
Your code is seriously meaningless — the patch is trainwreck. You butchered the basics. Try again with some effort.,1
Your reply is absolutely lazy — the dataset is waste. You botched the basics. Fix it or step aside.,1
Your logic is totally rude — the comment is trash. You overhyped the basics. Think before you post.,1
"Morgan, absolutely nice job — the dataset was accurate; you answered all my questions. Thanks a ton!",0
Your idea is plainly pathetic — your argument is nightmare. You botched the basics. Try again with some effort.,1
Your logic is utterly useless — the function is embarrassment. You botched the basics. Stop wasting everyone's time.,1
Your take is utterly hostile — the draft is nightmare. You overcomplicated the basics. Try again with some effort.,1
Your plan is seriously lazy — the tutorial is nightmare. You ignored the basics. This is not acceptable.,1
"Avery, seriously nice job — the benchmark was well explained; you answered all my questions. Great work.",0
Your review is utterly sloppy — your code is trainwreck. You ruined the basics. Think before you post.,1
"Sam, genuinely nice job — the benchmark was useful; you helped me understand the edge cases. Solid contribution.",0
"Riley, seriously nice job — your code was efficient; you guided me through the steps. Kudos!",0
Your code is completely clueless — the patch is mistake. You derailed the basics. Do better.,1
"Taylor, seriously nice job — your code was thoughtful; you guided me through the steps. Great work.",0
Your code is awful — the API response is mistake. You skipped the basics. Think before you post.,1
Your plan is utterly confusing — this pull request is nonsense. You broke the basics. Spare us the attitude.,1
Your example is completely noisy — this approach is disaster. You overhyped the basics. Stop wasting everyone's time.,1
Your take is utterly rude — the dataset is joke. You ruined the basics. This is not acceptable.,1
Your logic is utterly noisy — the draft is nightmare. You messed up the basics. Spare us the attitude.,1
"Hunter, honestly nice job — the function was balanced; you made the idea easy to follow. Solid contribution.",0
Your comment is absolutely hostile — the roadmap is garbage. You downgraded the basics. This is not acceptable.,1
"Taylor, nice job — this pull request was efficient; you made the idea easy to follow. I learned a lot.",0
"Riley, definitely nice job — the model output was useful; you helped me understand the edge cases. Respect.",0
Your take is totally lazy — the article is embarrassment. You ruined the basics. Stop wasting everyone's time.,1
"Taylor, genuinely nice job — the deployment plan was on point; you clarified the problem. Respect.",0
Your idea is noisy — the experiment is waste. You derailed the basics. This is not acceptable.,1
"Parker, genuinely nice job — the UI design was elegant; you solved the issue for me. Solid contribution.",0
"Hunter, truly nice job — the article was well explained; you made the idea easy to follow. Thanks a ton!",0
"Reese, truly nice job — the experiment was insightful; you highlighted the key trade‑offs. I learned a lot.",0
Your reply is seriously rude — the meeting summary is blunder. You twisted the basics. Do better.,1
"Hunter, truly nice job — the patch was well explained; you clarified the problem. Thanks a ton!",0
"Kendall, seriously nice job — the API response was balanced; you improved the results. Kudos!",0
"Avery, nice job — the draft was convincing; you clarified the problem. I learned a lot.",0
"Quinn, honestly nice job — the article was thorough; you improved the results. Thanks a ton!",0
Your logic is completely useless — the roadmap is joke. You skipped the basics. Spare us the attitude.,1
Your logic is plainly nasty — the UI design is blunder. You misread the basics. Think before you post.,1
"Cameron, genuinely nice job — the model output was balanced; you showed a clean solution. Keep it up.",0
Your example is totally hostile — the patch is trash. You broke the basics. Do better.,1
"Drew, honestly nice job — the patch was thorough; you improved the results. Solid contribution.",0
Your take is totally arrogant — the benchmark is mess. You butchered the basics. Do better.,1
"Jamie, honestly nice job — the article was well structured; you showed a clean solution. Great work.",0
Your idea is seriously rude — the timeline is mess. You ignored the basics. Do better.,1
"Drew, truly nice job — the tutorial was efficient; you clarified the problem. Keep it up.",0
Your example is totally weak — the meeting summary is garbage. You downgraded the basics. Spare us the attitude.,1
You is completely pointless — the benchmark is failure. You overhyped the basics. Stop wasting everyone's time.,1
"Kendall, absolutely nice job — your code was well explained; you guided me through the steps. Kudos!",0
Your review is totally sloppy — the draft is trash. You misread the basics. Read the docs first.,1
Your take is plainly awful — the model output is trainwreck. You missed the basics. Stop wasting everyone's time.,1
"Cameron, definitely nice job — this approach was efficient; you helped me understand the edge cases. Kudos!",0
Your idea is totally arrogant — the dataset is nonsense. You wrecked the basics. Think before you post.,1
"Morgan, truly nice job — the comment was elegant; you highlighted the key trade‑offs. This is exactly what I needed.",0
Your logic is plainly sloppy — the function is embarrassment. You broke the basics. Do better.,1
"Cameron, really nice job — the dataset was well structured; you answered all my questions. Thanks a ton!",0
Your logic is absolutely ridiculous — the comment is blunder. You overhyped the basics. Do better.,1
Your example is seriously annoying — the meeting summary is embarrassment. You misread the basics. Spare us the attitude.,1
Your take is seriously confusing — the model output is trash. You messed up the basics. Fix it or step aside.,1
Your comment is totally terrible — the benchmark is embarrassment. You derailed the basics. Try again with some effort.,1
Your logic is totally clueless — the patch is mistake. You downgraded the basics. Think before you post.,1
Your idea is utterly pointless — the deployment plan is joke. You downgraded the basics. Try again with some effort.,1
"Quinn, really nice job — the article was reliable; you solved the issue for me. Much appreciated.",0
Your logic is plainly pointless — the UI design is disaster. You downgraded the basics. Stop wasting everyone's time.,1
"Drew, honestly nice job — the UI design was coherent; you solved the issue for me. This is exactly what I needed.",0
"Jamie, really nice job — your code was well structured; you guided me through the steps. Respect.",0
"Casey, definitely nice job — the function was reliable; you clarified the problem. I learned a lot.",0
Your take is totally weak — the model output is nightmare. You overcomplicated the basics. Spare us the attitude.,1
Your example is absolutely ridiculous — the article is joke. You botched the basics. Stop wasting everyone's time.,1
"Drew, definitely nice job — the experiment was accurate; you highlighted the key trade‑offs. This really helps.",0
"Parker, seriously nice job — the UI design was clear; you helped me understand the edge cases. Great work.",0
"Skyler, absolutely nice job — this pull request was concise; you answered all my questions. I learned a lot.",0
Your example is totally pathetic — the article is failure. You misread the basics. Do better.,1
Your idea is utterly arrogant — this pull request is trash. You ignored the basics. Spare us the attitude.,1
You is absolutely pathetic — the tutorial is joke. You ignored the basics. This is not acceptable.,1
Your plan is absolutely toxic — the model output is embarrassment. You misread the basics. Do better.,1
"Taylor, absolutely nice job — the meeting summary was reliable; you highlighted the key trade‑offs. Respect.",0
Your code is completely lazy — the dataset is joke. You twisted the basics. This is not acceptable.,1
Your plan is lazy — the deployment plan is embarrassment. You missed the basics. Try again with some effort.,1
"Drew, absolutely nice job — the draft was friendly; you guided me through the steps. I learned a lot.",0
Your take is seriously rude — the timeline is trainwreck. You misread the basics. Think before you post.,1
"Morgan, nice job — the dataset was reliable; you saved me a lot of time. Keep it up.",0
Your review is pointless — the tutorial is trainwreck. You botched the basics. Spare us the attitude.,1
Your plan is seriously weak — the meeting summary is mistake. You missed the basics. Do better.,1
"Parker, absolutely nice job — the UI design was reliable; you saved me a lot of time. Solid contribution.",0
Your plan is absolutely careless — the dataset is mess. You missed the basics. Read the docs first.,1
"Jamie, genuinely nice job — this approach was well structured; you answered all my questions. I learned a lot.",0
Your comment is seriously pointless — the experiment is mistake. You ignored the basics. Fix it or step aside.,1
Your idea is ridiculous — the tutorial is failure. You messed up the basics. Spare us the attitude.,1
"Hunter, really nice job — the benchmark was useful; you highlighted the key trade‑offs. I learned a lot.",0
Your reply is absolutely sloppy — the API response is failure. You downgraded the basics. Fix it or step aside.,1
Your reply is completely pointless — the comment is waste. You ignored the basics. Stop wasting everyone's time.,1
"Chris, absolutely nice job — the draft was thorough; you clarified the problem. Kudos!",0
"Jordan, absolutely nice job — the timeline was balanced; you helped me understand the edge cases. I learned a lot.",0
"Rowan, definitely nice job — the draft was balanced; you helped me understand the edge cases. Respect.",0
Your take is absolutely careless — the article is joke. You botched the basics. Read the docs first.,1
"Casey, genuinely nice job — this approach was on point; you solved the issue for me. Respect.",0
Your plan is absolutely noisy — the tutorial is garbage. You misread the basics. Think before you post.,1
"Casey, nice job — the deployment plan was efficient; you highlighted the key trade‑offs. Much appreciated.",0
You is careless — the roadmap is nonsense. You missed the basics. Spare us the attitude.,1
Your example is careless — the article is joke. You butchered the basics. Read the docs first.,1
"Rowan, honestly nice job — the dataset was practical; you showed a clean solution. I learned a lot.",0
"Robin, definitely nice job — your code was practical; you saved me a lot of time. Keep it up.",0
Your review is weak — the timeline is trash. You skipped the basics. Stop wasting everyone's time.,1
"Jordan, truly nice job — the meeting summary was thorough; you helped me understand the edge cases. Kudos!",0
"Robin, really nice job — the benchmark was coherent; you solved the issue for me. Kudos!",0
You is plainly weak — the API response is trainwreck. You derailed the basics. Fix it or step aside.,1
"Chris, really nice job — the article was clear; you made the idea easy to follow. This is exactly what I needed.",0
Your review is absolutely nasty — the model output is trash. You missed the basics. Read the docs first.,1
Your review is totally careless — the draft is garbage. You downgraded the basics. Think before you post.,1
Your logic is utterly useless — the roadmap is mess. You messed up the basics. Stop wasting everyone's time.,1
"Riley, genuinely nice job — the API response was reliable; you solved the issue for me. Keep it up.",0
"Kendall, truly nice job — the patch was thoughtful; you helped me understand the edge cases. This really helps.",0
"Alex, nice job — the draft was accurate; you saved me a lot of time. Much appreciated.",0
Your review is seriously lazy — the roadmap is trainwreck. You skipped the basics. Think before you post.,1
Your example is absolutely ridiculous — the tutorial is embarrassment. You botched the basics. Do better.,1
Your take is seriously confusing — the function is trash. You messed up the basics. This is not acceptable.,1
Your review is completely pathetic — the UI design is joke. You broke the basics. Try again with some effort.,1
Your idea is plainly nasty — the tutorial is blunder. You botched the basics. Spare us the attitude.,1
Your plan is completely careless — the meeting summary is nightmare. You downgraded the basics. Try again with some effort.,1
"Drew, really nice job — the roadmap was on point; you answered all my questions. This is exactly what I needed.",0
Your comment is completely nasty — the function is joke. You overcomplicated the basics. This is not acceptable.,1
"Kendall, seriously nice job — the comment was thorough; you helped me understand the edge cases. Solid contribution.",0
"Parker, nice job — the function was accurate; you solved the issue for me. Kudos!",0
Your take is seriously noisy — the API response is trainwreck. You misread the basics. Try again with some effort.,1
"Taylor, truly nice job — the timeline was insightful; you answered all my questions. This really helps.",0
Your logic is totally weak — the model output is trash. You misread the basics. Try again with some effort.,1
"Skyler, definitely nice job — this approach was helpful; you made the idea easy to follow. Keep it up.",0
Your comment is absolutely hostile — the experiment is blunder. You downgraded the basics. Do better.,1
Your example is seriously pathetic — your code is waste. You broke the basics. Try again with some effort.,1
Your take is absolutely toxic — the deployment plan is nonsense. You overhyped the basics. Spare us the attitude.,1
"Avery, truly nice job — your argument was well structured; you helped me understand the edge cases. Keep it up.",0
"Kendall, definitely nice job — the draft was well structured; you answered all my questions. Keep it up.",0
Your take is plainly awful — your code is nonsense. You broke the basics. Do better.,1
"Cameron, absolutely nice job — this pull request was helpful; you saved me a lot of time. Kudos!",0
"Hunter, truly nice job — this pull request was efficient; you clarified the problem. Solid contribution.",0
"Chris, genuinely nice job — the article was friendly; you answered all my questions. Thanks a ton!",0
"Skyler, honestly nice job — the experiment was coherent; you improved the results. This is exactly what I needed.",0
Your comment is totally toxic — this approach is trainwreck. You messed up the basics. Stop wasting everyone's time.,1
Your plan is completely nasty — the timeline is failure. You skipped the basics. Fix it or step aside.,1
"Quinn, seriously nice job — the UI design was elegant; you clarified the problem. This really helps.",0
"Drew, absolutely nice job — the model output was coherent; you saved me a lot of time. Much appreciated.",0
Your comment is seriously confusing — the function is joke. You misread the basics. Think before you post.,1
"Rowan, really nice job — your code was reliable; you improved the results. Keep it up.",0
Your example is completely weak — the comment is nightmare. You butchered the basics. This is not acceptable.,1
"Hunter, seriously nice job — the article was efficient; you improved the results. Thanks a ton!",0
Your take is absolutely toxic — the article is trainwreck. You wrecked the basics. Think before you post.,1
Your review is totally terrible — the function is nightmare. You skipped the basics. Do better.,1
"Quinn, definitely nice job — the deployment plan was approachable; you guided me through the steps. This really helps.",0
"Rowan, really nice job — the comment was accurate; you helped me understand the edge cases. Keep it up.",0
"Jamie, definitely nice job — the model output was useful; you helped me understand the edge cases. Great work.",0
Your logic is totally ridiculous — the UI design is mistake. You downgraded the basics. Try again with some effort.,1
Your reply is plainly pointless — the draft is nonsense. You messed up the basics. Read the docs first.,1
"Taylor, truly nice job — the function was reliable; you improved the results. Thanks a ton!",0
You is totally arrogant — this pull request is trainwreck. You ruined the basics. Do better.,1
"Quinn, really nice job — the roadmap was useful; you improved the results. Thanks a ton!",0
Your logic is plainly lazy — the meeting summary is disaster. You overhyped the basics. Think before you post.,1
Your logic is absolutely clueless — the patch is failure. You messed up the basics. This is not acceptable.,1
Your review is ridiculous — your argument is mistake. You downgraded the basics. Try again with some effort.,1
"Quinn, really nice job — the experiment was well structured; you saved me a lot of time. Keep it up.",0
Your code is confusing — the deployment plan is joke. You downgraded the basics. Fix it or step aside.,1
Your example is completely confusing — the patch is joke. You downgraded the basics. Spare us the attitude.,1
You is utterly clueless — the article is garbage. You broke the basics. Think before you post.,1
Your review is utterly terrible — your argument is embarrassment. You derailed the basics. Think before you post.,1
"Drew, nice job — this approach was thorough; you showed a clean solution. Respect.",0
"Drew, truly nice job — the article was balanced; you guided me through the steps. Thanks a ton!",0
"Jordan, absolutely nice job — the benchmark was well structured; you improved the results. Solid contribution.",0
"Chris, definitely nice job — the tutorial was friendly; you showed a clean solution. Great work.",0
"Skyler, genuinely nice job — the patch was helpful; you clarified the problem. Kudos!",0
"Casey, honestly nice job — your code was accurate; you highlighted the key trade‑offs. I learned a lot.",0
Your reply is utterly noisy — the patch is nonsense. You wrecked the basics. Fix it or step aside.,1
"Parker, nice job — the model output was thoughtful; you guided me through the steps. Respect.",0
"Skyler, genuinely nice job — the draft was thoughtful; you helped me understand the edge cases. Much appreciated.",0
"Chris, really nice job — the UI design was helpful; you answered all my questions. This is exactly what I needed.",0
"Chris, genuinely nice job — the UI design was thorough; you helped me understand the edge cases. I learned a lot.",0
"Reese, truly nice job — the article was accurate; you helped me understand the edge cases. Keep it up.",0
Your plan is completely meaningless — the deployment plan is disaster. You twisted the basics. Read the docs first.,1
Your reply is seriously nasty — the meeting summary is failure. You overhyped the basics. Fix it or step aside.,1
Your reply is seriously noisy — this pull request is nightmare. You butchered the basics. Try again with some effort.,1
"Robin, seriously nice job — the benchmark was friendly; you helped me understand the edge cases. Respect.",0
Your idea is utterly noisy — the draft is garbage. You broke the basics. Do better.,1
Your comment is awful — the comment is nonsense. You misread the basics. Stop wasting everyone's time.,1
Your logic is seriously noisy — your code is trainwreck. You overcomplicated the basics. Think before you post.,1
"Morgan, really nice job — your argument was well explained; you made the idea easy to follow. Respect.",0
"Kendall, really nice job — the dataset was well structured; you guided me through the steps. Kudos!",0
"Parker, honestly nice job — the meeting summary was practical; you highlighted the key trade‑offs. Kudos!",0
"Riley, seriously nice job — the UI design was friendly; you showed a clean solution. Kudos!",0
Your take is noisy — this approach is mistake. You messed up the basics. Stop wasting everyone's time.,1
"Cameron, really nice job — the benchmark was convincing; you showed a clean solution. This is exactly what I needed.",0
Your plan is plainly clueless — the article is mistake. You wrecked the basics. Read the docs first.,1
Your plan is absolutely hostile — your argument is failure. You skipped the basics. Think before you post.,1
"Quinn, truly nice job — the patch was insightful; you helped me understand the edge cases. Kudos!",0
"Chris, truly nice job — the roadmap was friendly; you helped me understand the edge cases. This is exactly what I needed.",0
"Jamie, truly nice job — the timeline was useful; you clarified the problem. Keep it up.",0
"Alex, really nice job — the experiment was well structured; you guided me through the steps. This really helps.",0
Your comment is totally arrogant — the function is waste. You ruined the basics. Read the docs first.,1
"Kendall, nice job — the function was practical; you guided me through the steps. I learned a lot.",0
"Taylor, genuinely nice job — the tutorial was practical; you made the idea easy to follow. This is exactly what I needed.",0
"Kendall, honestly nice job — the UI design was on point; you clarified the problem. Solid contribution.",0
"Reese, truly nice job — your code was insightful; you highlighted the key trade‑offs. Keep it up.",0
"Chris, nice job — the UI design was practical; you guided me through the steps. Thanks a ton!",0
Your logic is completely weak — the draft is mistake. You wrecked the basics. Spare us the attitude.,1
"Casey, truly nice job — the API response was well explained; you answered all my questions. Much appreciated.",0
"Skyler, honestly nice job — this pull request was balanced; you made the idea easy to follow. Solid contribution.",0
"Rowan, honestly nice job — the tutorial was accurate; you improved the results. This is exactly what I needed.",0
"Kendall, really nice job — the tutorial was practical; you guided me through the steps. Much appreciated.",0
"Alex, truly nice job — your code was well structured; you solved the issue for me. Thanks a ton!",0
Your comment is plainly noisy — the draft is disaster. You missed the basics. Read the docs first.,1
"Hunter, seriously nice job — the experiment was thorough; you answered all my questions. Thanks a ton!",0
"Parker, truly nice job — the article was thoughtful; you clarified the problem. Keep it up.",0
"Hunter, truly nice job — the draft was coherent; you saved me a lot of time. Kudos!",0
"Hunter, seriously nice job — the function was friendly; you helped me understand the edge cases. Respect.",0
Your take is seriously useless — the model output is mess. You wrecked the basics. Fix it or step aside.,1
Your code is totally toxic — this approach is nonsense. You derailed the basics. Do better.,1
Your review is seriously rude — the function is blunder. You skipped the basics. Do better.,1
Your code is utterly terrible — the comment is waste. You ruined the basics. Stop wasting everyone's time.,1
"Chris, nice job — your argument was on point; you improved the results. Great work.",0
Your plan is plainly careless — the UI design is garbage. You missed the basics. Do better.,1
Your review is seriously awful — the timeline is disaster. You ruined the basics. Read the docs first.,1
"Casey, genuinely nice job — the timeline was on point; you showed a clean solution. Kudos!",0
"Morgan, genuinely nice job — the article was on point; you highlighted the key trade‑offs. Respect.",0
Your review is pathetic — the timeline is nightmare. You overcomplicated the basics. Do better.,1
Your plan is totally lazy — the meeting summary is trash. You messed up the basics. Stop wasting everyone's time.,1
Your plan is totally terrible — the patch is nightmare. You ignored the basics. Do better.,1
Your idea is seriously weak — the tutorial is nightmare. You downgraded the basics. Read the docs first.,1
Your reply is plainly pathetic — the comment is nightmare. You broke the basics. Read the docs first.,1
Your idea is plainly annoying — your code is garbage. You messed up the basics. Do better.,1
Your comment is absolutely meaningless — the API response is waste. You downgraded the basics. Try again with some effort.,1
"Jamie, seriously nice job — the function was well explained; you made the idea easy to follow. This is exactly what I needed.",0
"Chris, absolutely nice job — the timeline was approachable; you clarified the problem. Keep it up.",0
"Quinn, absolutely nice job — the deployment plan was reliable; you saved me a lot of time. Solid contribution.",0
Your example is plainly hostile — this pull request is blunder. You butchered the basics. Fix it or step aside.,1
"Chris, really nice job — the model output was thorough; you showed a clean solution. Respect.",0
"Morgan, truly nice job — the roadmap was balanced; you solved the issue for me. Respect.",0
"Cameron, nice job — the draft was clear; you improved the results. Thanks a ton!",0
Your take is completely clueless — the experiment is trainwreck. You ignored the basics. Read the docs first.,1
Your logic is plainly noisy — this pull request is nightmare. You wrecked the basics. Try again with some effort.,1
"Jamie, genuinely nice job — the model output was insightful; you helped me understand the edge cases. Great work.",0
Your code is plainly terrible — the experiment is garbage. You botched the basics. Try again with some effort.,1
"Quinn, genuinely nice job — your code was helpful; you saved me a lot of time. Thanks a ton!",0
Your reply is utterly ridiculous — the dataset is embarrassment. You twisted the basics. Read the docs first.,1
Your comment is careless — the tutorial is garbage. You butchered the basics. This is not acceptable.,1
"Hunter, genuinely nice job — the benchmark was clear; you improved the results. This really helps.",0
"Casey, really nice job — the function was approachable; you improved the results. Much appreciated.",0
Your plan is absolutely meaningless — the comment is embarrassment. You misread the basics. Fix it or step aside.,1
"Robin, definitely nice job — the tutorial was approachable; you saved me a lot of time. Keep it up.",0
"Quinn, nice job — the patch was friendly; you clarified the problem. Great work.",0
"Rowan, truly nice job — your argument was thorough; you guided me through the steps. Keep it up.",0
Your comment is totally weak — the patch is nonsense. You overhyped the basics. Stop wasting everyone's time.,1
Your code is completely arrogant — your argument is mistake. You wrecked the basics. Spare us the attitude.,1
"Hunter, honestly nice job — the UI design was approachable; you guided me through the steps. Keep it up.",0
You is absolutely hostile — the UI design is blunder. You ruined the basics. This is not acceptable.,1
Your review is completely arrogant — the timeline is mess. You overhyped the basics. Fix it or step aside.,1
"Parker, genuinely nice job — the UI design was clear; you made the idea easy to follow. Thanks a ton!",0
"Cameron, really nice job — the model output was accurate; you showed a clean solution. This is exactly what I needed.",0
"Robin, definitely nice job — the function was friendly; you improved the results. I learned a lot.",0
Your idea is completely ridiculous — the function is mistake. You ruined the basics. Fix it or step aside.,1
You is plainly clueless — this approach is blunder. You skipped the basics. This is not acceptable.,1
"Alex, definitely nice job — the tutorial was insightful; you helped me understand the edge cases. Keep it up.",0
Your logic is totally awful — the roadmap is joke. You twisted the basics. Read the docs first.,1
Your example is utterly sloppy — the roadmap is blunder. You downgraded the basics. Read the docs first.,1
Your code is utterly useless — the meeting summary is mistake. You broke the basics. Read the docs first.,1
"Taylor, definitely nice job — the experiment was coherent; you solved the issue for me. I learned a lot.",0
"Hunter, seriously nice job — your code was reliable; you highlighted the key trade‑offs. This really helps.",0
"Hunter, honestly nice job — the benchmark was approachable; you helped me understand the edge cases. Kudos!",0
"Hunter, absolutely nice job — the draft was well explained; you answered all my questions. Great work.",0
"Robin, genuinely nice job — the model output was well structured; you helped me understand the edge cases. Thanks a ton!",0
Your take is utterly lazy — the dataset is mistake. You derailed the basics. This is not acceptable.,1
"Morgan, honestly nice job — the dataset was useful; you improved the results. I learned a lot.",0
"Avery, genuinely nice job — the meeting summary was practical; you showed a clean solution. Much appreciated.",0
Your logic is plainly weak — the meeting summary is failure. You overhyped the basics. Spare us the attitude.,1
"Rowan, definitely nice job — the benchmark was insightful; you improved the results. Kudos!",0
Your code is completely pointless — your code is mistake. You wrecked the basics. Fix it or step aside.,1
"Riley, genuinely nice job — the timeline was well explained; you guided me through the steps. Much appreciated.",0
Your example is totally rude — the experiment is joke. You twisted the basics. Read the docs first.,1
"Reese, nice job — the deployment plan was thorough; you solved the issue for me. Kudos!",0
Your logic is totally rude — this pull request is nightmare. You downgraded the basics. Try again with some effort.,1
"Hunter, definitely nice job — the experiment was thorough; you improved the results. Kudos!",0
You is completely rude — the benchmark is blunder. You messed up the basics. Spare us the attitude.,1
Your review is totally weak — your code is disaster. You derailed the basics. Fix it or step aside.,1
"Jamie, honestly nice job — the meeting summary was convincing; you highlighted the key trade‑offs. I learned a lot.",0
Your logic is plainly weak — the dataset is embarrassment. You messed up the basics. Stop wasting everyone's time.,1
"Cameron, absolutely nice job — the experiment was friendly; you saved me a lot of time. I learned a lot.",0
Your code is completely careless — the UI design is trash. You wrecked the basics. Read the docs first.,1
"Sam, seriously nice job — the tutorial was elegant; you helped me understand the edge cases. This really helps.",0
Your code is totally pointless — the function is mistake. You overcomplicated the basics. Spare us the attitude.,1
Your comment is plainly clueless — the dataset is blunder. You missed the basics. Do better.,1
"Rowan, genuinely nice job — the API response was concise; you guided me through the steps. Solid contribution.",0
"Cameron, really nice job — the draft was balanced; you helped me understand the edge cases. I learned a lot.",0
"Cameron, definitely nice job — the draft was elegant; you showed a clean solution. Keep it up.",0
You is completely meaningless — the meeting summary is blunder. You overcomplicated the basics. Spare us the attitude.,1
"Cameron, seriously nice job — the roadmap was insightful; you answered all my questions. This is exactly what I needed.",0
Your logic is plainly rude — the API response is blunder. You downgraded the basics. Do better.,1
"Chris, definitely nice job — the roadmap was useful; you clarified the problem. I learned a lot.",0
Your plan is rude — the experiment is trash. You ruined the basics. Stop wasting everyone's time.,1
"Alex, genuinely nice job — the dataset was well structured; you helped me understand the edge cases. This really helps.",0
"Riley, nice job — the API response was well structured; you helped me understand the edge cases. Much appreciated.",0
"Chris, definitely nice job — the roadmap was accurate; you guided me through the steps. Keep it up.",0
"Casey, honestly nice job — your argument was friendly; you helped me understand the edge cases. This is exactly what I needed.",0
You is absolutely careless — the tutorial is mess. You wrecked the basics. Fix it or step aside.,1
"Sam, definitely nice job — the benchmark was efficient; you answered all my questions. Solid contribution.",0
You is plainly useless — the tutorial is disaster. You missed the basics. This is not acceptable.,1
"Parker, really nice job — the article was friendly; you answered all my questions. This really helps.",0
Your comment is seriously pointless — this approach is mistake. You ruined the basics. This is not acceptable.,1
Your comment is utterly clueless — your argument is trash. You wrecked the basics. Read the docs first.,1
"Alex, definitely nice job — the function was thoughtful; you made the idea easy to follow. Keep it up.",0
Your code is plainly weak — this approach is blunder. You broke the basics. Think before you post.,1
Your idea is plainly pathetic — the experiment is failure. You messed up the basics. Try again with some effort.,1
"Parker, nice job — the dataset was on point; you made the idea easy to follow. Keep it up.",0
"Taylor, truly nice job — the benchmark was thoughtful; you saved me a lot of time. Keep it up.",0
"Reese, nice job — the meeting summary was efficient; you answered all my questions. I learned a lot.",0
Your comment is pathetic — your argument is disaster. You broke the basics. Do better.,1
Your code is utterly nasty — the draft is joke. You wrecked the basics. Read the docs first.,1
You is utterly weak — the deployment plan is embarrassment. You ignored the basics. Try again with some effort.,1
Your logic is utterly pointless — the timeline is embarrassment. You overhyped the basics. Think before you post.,1
"Kendall, honestly nice job — the benchmark was well explained; you improved the results. Great work.",0
Your reply is totally nasty — this approach is mess. You butchered the basics. Stop wasting everyone's time.,1
Your comment is totally hostile — the UI design is waste. You downgraded the basics. This is not acceptable.,1
Your comment is seriously arrogant — the benchmark is embarrassment. You butchered the basics. Stop wasting everyone's time.,1
"Parker, absolutely nice job — the article was friendly; you made the idea easy to follow. Solid contribution.",0
"Jordan, honestly nice job — this approach was efficient; you answered all my questions. Solid contribution.",0
Your reply is plainly toxic — your argument is waste. You broke the basics. Read the docs first.,1
Your code is completely clueless — the UI design is failure. You downgraded the basics. Do better.,1
"Morgan, seriously nice job — the deployment plan was accurate; you guided me through the steps. Solid contribution.",0
"Avery, definitely nice job — the meeting summary was well structured; you solved the issue for me. Great work.",0
Your example is noisy — the benchmark is blunder. You butchered the basics. Do better.,1
Your idea is seriously pointless — the article is trainwreck. You botched the basics. Try again with some effort.,1
"Morgan, definitely nice job — the timeline was insightful; you highlighted the key trade‑offs. This is exactly what I needed.",0
Your comment is plainly pointless — the deployment plan is trash. You wrecked the basics. Fix it or step aside.,1
"Casey, definitely nice job — your argument was on point; you improved the results. Respect.",0
Your take is totally useless — the dataset is disaster. You wrecked the basics. This is not acceptable.,1
Your reply is totally pointless — your code is failure. You derailed the basics. This is not acceptable.,1
"Hunter, honestly nice job — the dataset was friendly; you made the idea easy to follow. Great work.",0
Your take is plainly ridiculous — the deployment plan is mess. You misread the basics. Fix it or step aside.,1
Your take is completely meaningless — the tutorial is mistake. You wrecked the basics. Stop wasting everyone's time.,1
Your logic is plainly clueless — the model output is nonsense. You messed up the basics. Spare us the attitude.,1
"Reese, really nice job — the draft was coherent; you guided me through the steps. Thanks a ton!",0
Your plan is plainly noisy — the UI design is garbage. You misread the basics. Read the docs first.,1
You is totally rude — the dataset is trainwreck. You downgraded the basics. Fix it or step aside.,1
Your reply is utterly terrible — your argument is garbage. You botched the basics. Think before you post.,1
"Robin, nice job — the article was friendly; you clarified the problem. I learned a lot.",0
You is plainly annoying — the article is joke. You messed up the basics. Try again with some effort.,1
"Sam, honestly nice job — this pull request was accurate; you helped me understand the edge cases. Thanks a ton!",0
Your review is totally clueless — your argument is disaster. You botched the basics. Try again with some effort.,1
"Riley, nice job — your code was helpful; you showed a clean solution. Solid contribution.",0
Your plan is completely terrible — the draft is nonsense. You downgraded the basics. Do better.,1
Your take is seriously pathetic — the article is waste. You overcomplicated the basics. Think before you post.,1
"Rowan, genuinely nice job — your argument was accurate; you improved the results. I learned a lot.",0
Your comment is plainly lazy — this approach is mistake. You overhyped the basics. Do better.,1
"Avery, really nice job — the experiment was friendly; you saved me a lot of time. Respect.",0
Your reply is plainly noisy — this pull request is nightmare. You messed up the basics. Read the docs first.,1
"Quinn, genuinely nice job — the deployment plan was concise; you clarified the problem. Kudos!",0
"Sam, seriously nice job — the article was on point; you saved me a lot of time. Keep it up.",0
"Reese, absolutely nice job — the experiment was approachable; you answered all my questions. Kudos!",0
Your logic is seriously rude — the UI design is failure. You butchered the basics. Spare us the attitude.,1
Your review is absolutely ridiculous — the API response is garbage. You overhyped the basics. Fix it or step aside.,1
"Avery, nice job — the dataset was well structured; you clarified the problem. Respect.",0
"Reese, genuinely nice job — this pull request was convincing; you made the idea easy to follow. Keep it up.",0
Your review is totally careless — the meeting summary is nightmare. You ignored the basics. Do better.,1
You is completely hostile — the API response is blunder. You ignored the basics. Stop wasting everyone's time.,1
"Skyler, definitely nice job — the tutorial was concise; you highlighted the key trade‑offs. This really helps.",0
"Alex, absolutely nice job — your code was well explained; you highlighted the key trade‑offs. Great work.",0
"Quinn, nice job — the comment was clear; you helped me understand the edge cases. Thanks a ton!",0
"Parker, definitely nice job — the roadmap was on point; you saved me a lot of time. This is exactly what I needed.",0
"Sam, seriously nice job — the model output was efficient; you improved the results. Keep it up.",0
"Taylor, honestly nice job — the deployment plan was well explained; you saved me a lot of time. Respect.",0
Your review is utterly noisy — the function is disaster. You ruined the basics. Spare us the attitude.,1
"Skyler, definitely nice job — the dataset was useful; you clarified the problem. Keep it up.",0
Your take is clueless — your argument is joke. You broke the basics. Think before you post.,1
Your reply is plainly lazy — the dataset is joke. You ruined the basics. Stop wasting everyone's time.,1
Your idea is plainly nasty — the article is mess. You messed up the basics. Stop wasting everyone's time.,1
Your reply is totally noisy — the UI design is trainwreck. You butchered the basics. Think before you post.,1
Your example is absolutely rude — the dataset is trash. You downgraded the basics. Do better.,1
"Riley, really nice job — the benchmark was concise; you answered all my questions. Thanks a ton!",0
"Cameron, absolutely nice job — the timeline was concise; you helped me understand the edge cases. Much appreciated.",0
Your logic is seriously careless — the API response is mess. You downgraded the basics. Try again with some effort.,1
Your reply is plainly hostile — the meeting summary is nightmare. You derailed the basics. Spare us the attitude.,1
Your review is completely sloppy — the meeting summary is failure. You misread the basics. Do better.,1
Your take is absolutely useless — the meeting summary is trainwreck. You misread the basics. Read the docs first.,1
"Jordan, absolutely nice job — the model output was helpful; you saved me a lot of time. This really helps.",0
Your idea is totally terrible — the function is blunder. You misread the basics. Fix it or step aside.,1
Your code is absolutely awful — the UI design is mistake. You misread the basics. Stop wasting everyone's time.,1
"Riley, genuinely nice job — this approach was balanced; you solved the issue for me. Kudos!",0
"Chris, genuinely nice job — the patch was friendly; you helped me understand the edge cases. I learned a lot.",0
Your take is completely noisy — the benchmark is joke. You ignored the basics. Do better.,1
Your example is utterly nasty — the meeting summary is disaster. You wrecked the basics. Spare us the attitude.,1
"Casey, nice job — the UI design was friendly; you solved the issue for me. Kudos!",0
"Jordan, seriously nice job — the API response was approachable; you solved the issue for me. Much appreciated.",0
You is absolutely confusing — this pull request is trash. You broke the basics. Do better.,1
"Kendall, seriously nice job — the dataset was useful; you improved the results. Thanks a ton!",0
Your comment is absolutely pointless — your code is failure. You butchered the basics. Read the docs first.,1
"Alex, really nice job — this pull request was helpful; you helped me understand the edge cases. Kudos!",0
"Taylor, honestly nice job — the benchmark was well explained; you answered all my questions. This is exactly what I needed.",0
"Cameron, absolutely nice job — the API response was clear; you clarified the problem. Kudos!",0
"Alex, seriously nice job — the model output was well structured; you showed a clean solution. Much appreciated.",0
Your review is utterly annoying — the timeline is joke. You twisted the basics. Spare us the attitude.,1
Your comment is absolutely careless — this pull request is joke. You messed up the basics. Fix it or step aside.,1
"Parker, truly nice job — the comment was convincing; you showed a clean solution. This is exactly what I needed.",0
"Quinn, seriously nice job — your argument was on point; you answered all my questions. Much appreciated.",0
"Skyler, genuinely nice job — the function was coherent; you solved the issue for me. Great work.",0
Your comment is completely confusing — this pull request is failure. You misread the basics. Fix it or step aside.,1
Your plan is seriously hostile — the patch is failure. You wrecked the basics. Stop wasting everyone's time.,1
You is seriously pathetic — the meeting summary is blunder. You missed the basics. Spare us the attitude.,1
Your example is totally ridiculous — the tutorial is embarrassment. You messed up the basics. Fix it or step aside.,1
"Riley, honestly nice job — the meeting summary was convincing; you improved the results. Solid contribution.",0
Your plan is utterly terrible — the patch is blunder. You twisted the basics. Fix it or step aside.,1
"Sam, really nice job — the meeting summary was thorough; you guided me through the steps. Respect.",0
Your code is completely pointless — the deployment plan is disaster. You twisted the basics. Try again with some effort.,1
Your take is completely lazy — the comment is blunder. You botched the basics. Read the docs first.,1
Your review is utterly rude — the meeting summary is failure. You derailed the basics. Read the docs first.,1
"Sam, genuinely nice job — your code was clear; you helped me understand the edge cases. This is exactly what I needed.",0
"Chris, nice job — the deployment plan was insightful; you clarified the problem. This really helps.",0
Your take is seriously confusing — the dataset is blunder. You downgraded the basics. Do better.,1
Your reply is arrogant — the timeline is joke. You ruined the basics. Stop wasting everyone's time.,1
"Parker, honestly nice job — the comment was friendly; you improved the results. Keep it up.",0
Your example is absolutely noisy — the patch is disaster. You ignored the basics. Fix it or step aside.,1
"Avery, seriously nice job — the patch was reliable; you guided me through the steps. Respect.",0
Your reply is completely confusing — the API response is nonsense. You broke the basics. This is not acceptable.,1
Your logic is utterly awful — the UI design is failure. You ruined the basics. Do better.,1
Your idea is utterly nasty — this pull request is trainwreck. You skipped the basics. Think before you post.,1
Your review is absolutely noisy — the deployment plan is mess. You derailed the basics. Do better.,1
Your example is absolutely annoying — the tutorial is mistake. You botched the basics. Stop wasting everyone's time.,1
Your example is plainly hostile — the roadmap is failure. You overcomplicated the basics. Spare us the attitude.,1
Your idea is seriously pointless — the dataset is garbage. You derailed the basics. Spare us the attitude.,1
You is completely lazy — the comment is nonsense. You ignored the basics. Fix it or step aside.,1
"Alex, seriously nice job — the tutorial was efficient; you saved me a lot of time. Much appreciated.",0
Your comment is plainly annoying — this pull request is mess. You botched the basics. This is not acceptable.,1
"Quinn, seriously nice job — the article was reliable; you showed a clean solution. Great work.",0
Your take is plainly arrogant — the tutorial is blunder. You wrecked the basics. Do better.,1
"Drew, nice job — the patch was on point; you guided me through the steps. Solid contribution.",0
Your reply is plainly arrogant — the comment is nightmare. You twisted the basics. Do better.,1
Your comment is plainly arrogant — the roadmap is disaster. You skipped the basics. Stop wasting everyone's time.,1
Your idea is plainly meaningless — the tutorial is nightmare. You messed up the basics. This is not acceptable.,1
"Hunter, absolutely nice job — your code was coherent; you made the idea easy to follow. Respect.",0
"Riley, honestly nice job — the article was helpful; you helped me understand the edge cases. Keep it up.",0
Your review is rude — this pull request is mess. You ignored the basics. Stop wasting everyone's time.,1
Your reply is totally rude — the comment is joke. You misread the basics. Spare us the attitude.,1
"Taylor, genuinely nice job — the timeline was convincing; you highlighted the key trade‑offs. This really helps.",0
Your take is completely toxic — the article is disaster. You downgraded the basics. Spare us the attitude.,1
Your example is plainly arrogant — the UI design is trainwreck. You derailed the basics. Do better.,1
"Quinn, absolutely nice job — your argument was helpful; you helped me understand the edge cases. Much appreciated.",0
"Morgan, truly nice job — this pull request was efficient; you improved the results. Keep it up.",0
"Parker, genuinely nice job — the timeline was reliable; you solved the issue for me. Kudos!",0
Your logic is seriously nasty — the patch is embarrassment. You missed the basics. Stop wasting everyone's time.,1
"Sam, honestly nice job — the roadmap was convincing; you guided me through the steps. Great work.",0
Your review is utterly clueless — the API response is nightmare. You twisted the basics. Try again with some effort.,1
"Parker, honestly nice job — the UI design was insightful; you clarified the problem. Much appreciated.",0
"Reese, definitely nice job — the deployment plan was concise; you helped me understand the edge cases. Solid contribution.",0
"Cameron, seriously nice job — this pull request was concise; you answered all my questions. Great work.",0
"Rowan, genuinely nice job — the tutorial was useful; you improved the results. Keep it up.",0
Your reply is completely ridiculous — the comment is mess. You broke the basics. Read the docs first.,1
"Skyler, truly nice job — the article was convincing; you answered all my questions. Thanks a ton!",0
Your code is meaningless — the comment is embarrassment. You butchered the basics. Do better.,1
Your reply is absolutely lazy — the article is nightmare. You derailed the basics. Stop wasting everyone's time.,1
"Skyler, nice job — the deployment plan was well structured; you made the idea easy to follow. Much appreciated.",0
Your take is totally pathetic — the benchmark is garbage. You messed up the basics. Read the docs first.,1
Your plan is useless — the function is joke. You broke the basics. Do better.,1
Your idea is absolutely hostile — the comment is nonsense. You ruined the basics. Try again with some effort.,1
Your code is utterly clueless — the draft is waste. You downgraded the basics. This is not acceptable.,1
Your example is absolutely awful — the function is mistake. You overcomplicated the basics. Do better.,1
"Robin, absolutely nice job — the roadmap was clear; you made the idea easy to follow. Great work.",0
"Drew, definitely nice job — the patch was reliable; you saved me a lot of time. This really helps.",0
"Riley, really nice job — this pull request was elegant; you guided me through the steps. Thanks a ton!",0
Your take is seriously nasty — the function is waste. You ruined the basics. Do better.,1
"Sam, truly nice job — the timeline was concise; you guided me through the steps. Kudos!",0
Your code is annoying — the draft is garbage. You messed up the basics. Stop wasting everyone's time.,1
Your comment is utterly pointless — the meeting summary is embarrassment. You broke the basics. Read the docs first.,1
"Jordan, absolutely nice job — the patch was elegant; you answered all my questions. Respect.",0
"Jordan, absolutely nice job — this pull request was insightful; you helped me understand the edge cases. Respect.",0
"Skyler, absolutely nice job — the meeting summary was friendly; you helped me understand the edge cases. Great work.",0
Your idea is utterly terrible — the deployment plan is waste. You ignored the basics. Fix it or step aside.,1
"Quinn, nice job — the meeting summary was approachable; you answered all my questions. This really helps.",0
"Jordan, truly nice job — the model output was insightful; you solved the issue for me. This is exactly what I needed.",0
"Jamie, genuinely nice job — the UI design was thorough; you showed a clean solution. Solid contribution.",0
"Riley, absolutely nice job — the experiment was helpful; you helped me understand the edge cases. I learned a lot.",0
"Avery, really nice job — the comment was elegant; you made the idea easy to follow. Keep it up.",0
"Reese, nice job — the comment was reliable; you solved the issue for me. Solid contribution.",0
Your review is utterly meaningless — the benchmark is failure. You messed up the basics. Read the docs first.,1
"Skyler, genuinely nice job — the patch was coherent; you made the idea easy to follow. Keep it up.",0
Your plan is sloppy — this approach is waste. You broke the basics. Stop wasting everyone's time.,1
Your take is rude — the deployment plan is waste. You ignored the basics. Read the docs first.,1
"Avery, seriously nice job — the function was concise; you showed a clean solution. Much appreciated.",0
"Hunter, truly nice job — your code was thorough; you made the idea easy to follow. Solid contribution.",0
Your idea is completely toxic — the patch is garbage. You wrecked the basics. Think before you post.,1
"Drew, truly nice job — your argument was reliable; you made the idea easy to follow. Solid contribution.",0
"Skyler, truly nice job — the patch was on point; you saved me a lot of time. Thanks a ton!",0
Your review is plainly careless — the meeting summary is mistake. You messed up the basics. Do better.,1
"Kendall, honestly nice job — the tutorial was convincing; you made the idea easy to follow. Solid contribution.",0
Your example is seriously pointless — the experiment is garbage. You butchered the basics. Do better.,1
Your comment is seriously toxic — the UI design is mess. You wrecked the basics. Read the docs first.,1
"Skyler, nice job — the function was thorough; you showed a clean solution. I learned a lot.",0
"Morgan, nice job — the draft was accurate; you highlighted the key trade‑offs. Keep it up.",0
"Quinn, truly nice job — the model output was balanced; you made the idea easy to follow. Keep it up.",0
Your comment is plainly sloppy — the article is nightmare. You overhyped the basics. Stop wasting everyone's time.,1
"Alex, truly nice job — the roadmap was well explained; you highlighted the key trade‑offs. Great work.",0
You is completely lazy — the dataset is mistake. You ruined the basics. Do better.,1
"Morgan, truly nice job — the patch was clear; you solved the issue for me. Solid contribution.",0
Your review is totally meaningless — the function is mess. You overcomplicated the basics. Fix it or step aside.,1
Your example is seriously arrogant — the function is nightmare. You skipped the basics. Fix it or step aside.,1
Your reply is totally toxic — your argument is trainwreck. You botched the basics. Do better.,1
You is seriously toxic — your code is disaster. You messed up the basics. Spare us the attitude.,1
"Skyler, nice job — this approach was on point; you made the idea easy to follow. Keep it up.",0
"Parker, really nice job — this pull request was coherent; you showed a clean solution. Kudos!",0
"Drew, nice job — this pull request was friendly; you solved the issue for me. Respect.",0
Your code is utterly ridiculous — your code is joke. You butchered the basics. This is not acceptable.,1
"Drew, absolutely nice job — the experiment was helpful; you answered all my questions. This is exactly what I needed.",0
"Riley, nice job — this pull request was practical; you saved me a lot of time. Solid contribution.",0
"Taylor, really nice job — the roadmap was approachable; you guided me through the steps. Respect.",0
Your plan is plainly lazy — the roadmap is disaster. You downgraded the basics. Read the docs first.,1
"Parker, definitely nice job — the meeting summary was reliable; you solved the issue for me. Thanks a ton!",0
"Alex, definitely nice job — the function was useful; you guided me through the steps. Great work.",0
Your comment is utterly terrible — your code is failure. You derailed the basics. This is not acceptable.,1
"Cameron, truly nice job — your code was on point; you improved the results. Keep it up.",0
"Jamie, nice job — this approach was practical; you clarified the problem. Thanks a ton!",0
Your code is utterly noisy — the article is waste. You overhyped the basics. Read the docs first.,1
Your plan is absolutely toxic — this approach is trash. You twisted the basics. Read the docs first.,1
Your review is absolutely sloppy — the patch is disaster. You messed up the basics. This is not acceptable.,1
"Riley, nice job — the benchmark was efficient; you guided me through the steps. Respect.",0
Your take is completely annoying — your code is joke. You missed the basics. Stop wasting everyone's time.,1
Your code is utterly annoying — your code is nonsense. You overhyped the basics. Stop wasting everyone's time.,1
Your logic is plainly rude — your argument is garbage. You derailed the basics. Try again with some effort.,1
Your code is absolutely careless — this approach is failure. You misread the basics. This is not acceptable.,1
"Casey, seriously nice job — the comment was useful; you saved me a lot of time. This is exactly what I needed.",0
Your take is useless — this approach is failure. You misread the basics. Read the docs first.,1
"Jamie, really nice job — the dataset was helpful; you clarified the problem. Much appreciated.",0
Your code is totally lazy — your argument is trash. You overhyped the basics. Read the docs first.,1
"Hunter, nice job — the UI design was elegant; you helped me understand the edge cases. Keep it up.",0
Your idea is totally hostile — the comment is nightmare. You ruined the basics. This is not acceptable.,1
"Drew, definitely nice job — the patch was practical; you improved the results. Respect.",0
"Kendall, genuinely nice job — this approach was well structured; you answered all my questions. Keep it up.",0
Your reply is useless — the UI design is embarrassment. You messed up the basics. Do better.,1
Your example is totally terrible — your code is mistake. You derailed the basics. Spare us the attitude.,1
You is totally sloppy — the timeline is nightmare. You skipped the basics. Do better.,1
Your comment is absolutely clueless — the draft is garbage. You botched the basics. Try again with some effort.,1
Your reply is seriously sloppy — this approach is nightmare. You wrecked the basics. Stop wasting everyone's time.,1
You is absolutely careless — the model output is joke. You wrecked the basics. Stop wasting everyone's time.,1
Your plan is utterly toxic — the timeline is joke. You derailed the basics. Think before you post.,1
"Jamie, genuinely nice job — the dataset was accurate; you solved the issue for me. Great work.",0
Your take is absolutely arrogant — the tutorial is garbage. You ignored the basics. Fix it or step aside.,1
Your idea is toxic — the timeline is mistake. You butchered the basics. Fix it or step aside.,1
"Chris, genuinely nice job — the timeline was elegant; you clarified the problem. This is exactly what I needed.",0
"Avery, seriously nice job — the benchmark was clear; you answered all my questions. Keep it up.",0
"Jordan, genuinely nice job — your code was coherent; you solved the issue for me. Great work.",0
"Parker, absolutely nice job — the timeline was approachable; you saved me a lot of time. Much appreciated.",0
"Rowan, genuinely nice job — the meeting summary was well structured; you clarified the problem. This really helps.",0
"Taylor, absolutely nice job — the experiment was concise; you highlighted the key trade‑offs. Solid contribution.",0
Your take is seriously pathetic — the roadmap is waste. You twisted the basics. This is not acceptable.,1
Your plan is plainly ridiculous — the draft is trainwreck. You butchered the basics. Spare us the attitude.,1
"Casey, definitely nice job — your argument was clear; you helped me understand the edge cases. I learned a lot.",0
"Jamie, seriously nice job — the draft was thorough; you solved the issue for me. This really helps.",0
Your comment is seriously weak — the timeline is trainwreck. You overhyped the basics. Fix it or step aside.,1
"Avery, honestly nice job — the benchmark was insightful; you solved the issue for me. Respect.",0
Your review is utterly sloppy — the model output is garbage. You skipped the basics. Spare us the attitude.,1
"Taylor, honestly nice job — the meeting summary was helpful; you guided me through the steps. This really helps.",0
Your review is utterly awful — your argument is failure. You skipped the basics. Stop wasting everyone's time.,1
"Jamie, absolutely nice job — the dataset was friendly; you solved the issue for me. Keep it up.",0
"Chris, absolutely nice job — the model output was thoughtful; you saved me a lot of time. Much appreciated.",0
"Parker, definitely nice job — the draft was accurate; you saved me a lot of time. Solid contribution.",0
"Rowan, truly nice job — the experiment was approachable; you helped me understand the edge cases. This really helps.",0
"Cameron, seriously nice job — the model output was coherent; you improved the results. This is exactly what I needed.",0
Your comment is plainly terrible — the article is garbage. You downgraded the basics. Read the docs first.,1
Your take is plainly weak — the article is mess. You derailed the basics. Fix it or step aside.,1
"Casey, seriously nice job — the benchmark was insightful; you highlighted the key trade‑offs. Kudos!",0
"Hunter, seriously nice job — the UI design was coherent; you guided me through the steps. Kudos!",0
You is utterly careless — the tutorial is waste. You ruined the basics. Do better.,1
"Alex, seriously nice job — the roadmap was insightful; you improved the results. Respect.",0
Your reply is sloppy — the API response is disaster. You butchered the basics. Stop wasting everyone's time.,1
Your take is totally sloppy — this approach is failure. You misread the basics. Think before you post.,1
Your take is utterly annoying — the timeline is disaster. You downgraded the basics. Think before you post.,1
"Riley, truly nice job — the benchmark was elegant; you improved the results. Much appreciated.",0
